pathway	dataset_id	status	observed_vs_counterfactual_cosine	observed_vs_counterfactual_KL	ranking_consistency_spearman_proxy	counterfactual_component_score	observed_activation_delta_adult_repair	observed_activation_delta_embryonic_reactivation	observed_activation_delta_salamander_blastema	observed_activation_delta_salamander_intact	counterfactual_delta_adult_repair	counterfactual_delta_embryonic_reactivation	counterfactual_delta_salamander_blastema	counterfactual_delta_salamander_intact
RA	GSE216800	computed_from_locked_W_GRN_axis_effects	-0.7824546799346157	0.11183943429207056	-0.7999999999999998	0.10877266003269215	-0.0384225517389955	0.07708923849615623	0.020604626658556887	-0.059271313415717584	0.07030615090330242	-0.07227678418150829	-0.000249017752821304	0.002219651031026989
BMP	GSE216800	computed_from_locked_W_GRN_axis_effects	-0.9609227529634619	0.08865484856136681	-0.7999999999999998	0.01953862351826907	-0.05240032741546235	0.11189928272255734	0.017768762617471796	-0.07726771792456676	0.009515938244914746	-0.016498707345406035	0.00045607157317136904	0.006526697527319789
NOTCH	GSE216800	computed_from_locked_W_GRN_axis_effects	-0.21546677668885647	0.011424397780794564	-0.19999999999999996	0.39226661165557175	0.018902947678167276	0.03372338741293279	-0.03151860954461508	-0.021107725546484934	0.023845681980283973	-0.024675870402890432	0.0001554855993030793	0.0006747028233031124
FGF	GSE216800	computed_from_locked_W_GRN_axis_effects	-0.6378272970141405	0.14212575116270107	-0.7999999999999998	0.18108635149292973	-0.018973905494610976	0.06461854681535184	0.016783576022703306	-0.062428217343444115	0.1459395427799034	-0.14663909056980823	-0.00038206405292739087	0.0010816118428319532
SHH	GSE216800	computed_from_locked_W_GRN_axis_effects	0.7145189136859903	0.06393986581639016	0.7999999999999998	0.8572594568429952	-0.04100006304137346	0.134477333064424	0.016568055308416374	-0.11004532533146683	-0.04413007771616195	0.04565796999968019	0.00016328737787997712	-0.0016911796613984093
