pathway	expected_alias	observed_activation_expected_shift	n_permutations	null_mean	null_sd	null_p95	null_separation_z	empirical_p_null_ge_observed	null_component_score	status
RA	embryonic_blastema_like	0.020604626658556887	2000	0.01976242418321409	0.004587119747076971	0.025320920985770885	0.18360158918447014	0.4912543728135932	0.5087456271864068	computed
BMP	fate_lock	0.11189928272255734	2000	0.10012729188698707	0.014064762763536647	0.12206071553498186	0.8369846710880563	0.18590704647676162	0.8140929535232384	computed
NOTCH	transitional	0.018902947678167276	2000	-0.04323703817269748	0.019830476480016138	-0.012479650586012567	3.1335598977404997	0.012993503248375811	0.9870064967516242	computed
FGF	stemness_like	-0.062428217343444115	2000	-0.07744027863799079	0.02926076095758941	-0.027895161503347088	0.5130441178992294	0.271864067966017	0.7281359320339831	computed
SHH	stemness_like	-0.11004532533146683	2000	-0.07708736706458093	0.030189006454523312	-0.02600651566672274	-1.0917205346434216	0.9025487256371814	0.09745127436281864	computed
